homeType,RegionName,1/31/2008,2/29/2008,3/31/2008,4/30/2008,5/31/2008,6/30/2008,7/31/2008,8/31/2008,9/30/2008,10/31/2008,11/30/2008,12/31/2008,1/31/2009,2/28/2009,3/31/2009,4/30/2009,5/31/2009,6/30/2009,7/31/2009,8/31/2009,9/30/2009,10/31/2009,11/30/2009,12/31/2009,1/31/2010,2/28/2010,3/31/2010,4/30/2010,5/31/2010,6/30/2010,7/31/2010,8/31/2010,9/30/2010,10/31/2010,11/30/2010,12/31/2010,1/31/2011,2/28/2011,3/31/2011,4/30/2011,5/31/2011,6/30/2011,7/31/2011,8/31/2011,9/30/2011,10/31/2011,11/30/2011,12/31/2011,1/31/2012,2/29/2012,3/31/2012,4/30/2012,5/31/2012,6/30/2012,7/31/2012,8/31/2012,9/30/2012,10/31/2012,11/30/2012,12/31/2012,1/31/2013,2/28/2013,3/31/2013,4/30/2013,5/31/2013,6/30/2013,7/31/2013,8/31/2013,9/30/2013,10/31/2013,11/30/2013,12/31/2013,1/31/2014,2/28/2014,3/31/2014,4/30/2014,5/31/2014,6/30/2014,7/31/2014,8/31/2014,9/30/2014,10/31/2014,11/30/2014,12/31/2014,1/31/2015,2/28/2015,3/31/2015,4/30/2015,5/31/2015,6/30/2015,7/31/2015,8/31/2015,9/30/2015,10/31/2015,11/30/2015,12/31/2015,1/31/2016,2/29/2016,3/31/2016,4/30/2016,5/31/2016,6/30/2016,7/31/2016,8/31/2016,9/30/2016,10/31/2016,11/30/2016,12/31/2016,1/31/2017,2/28/2017,3/31/2017,4/30/2017,5/31/2017,6/30/2017,7/31/2017,8/31/2017,9/30/2017,10/31/2017,11/30/2017,12/31/2017,1/31/2018,2/28/2018,3/31/2018,4/30/2018,5/31/2018,6/30/2018,7/31/2018,8/31/2018,9/30/2018,10/31/2018,11/30/2018,12/31/2018,1/31/2019,2/28/2019,3/31/2019,4/30/2019,5/31/2019,6/30/2019,7/31/2019,8/31/2019,9/30/2019,10/31/2019,11/30/2019,12/31/2019,1/31/2020,2/29/2020,3/31/2020,4/30/2020,5/31/2020,6/30/2020
single-family,New York,471358,469393,466814,464048,460310,457036,453583,450693,447633,444166,440520,437048,433133,429236,425475,422061,419439,416661,414182,411583,409888,408833,408406,408231,408156,408227,407824,407587,407069,407314,407421,407497,406804,405507,403884,401913,400475,399073,398077,396480,394787,392512,390506,388611,386988,385523,383893,382497,380991,379546,378295,377309,376752,376512,376326,376190,376078,376044,376425,377038,377619,378429,379248,380678,382204,383753,385400,387033,388847,390841,392772,394445,396294,397847,399507,400542,401571,402495,403316,404157,404875,405505,405863,406548,407194,408220,408852,409762,410461,411435,412263,413059,413902,414783,416161,417239,418006,418646,419516,420819,421874,422882,423987,425312,426762,428306,429829,431475,433431,435102,436942,438238,440501,442804,445594,448108,450373,452332,454030,455715,457797,460180,462668,465123,467111,468861,469963,471114,472613,474510,476368,477723,478377,478736,478967,479286,479687,480064,480641,481039,481362,481472,481698,482269,483093,484035,484956,485911,486824,487870
single-family,Los Angeles,591373,580202,568265,553690,539203,526497,515525,505882,498473,490579,481128,469179,460468,455959,452558,449250,446384,443799,442724,442798,443962,445638,448689,453071,454379,452987,452850,455150,459115,458624,456438,452935,450114,447060,442751,439871,438475,438113,436055,433041,427753,426352,425365,424485,421704,418998,418680,417800,416610,414988,414281,414376,416177,417965,420855,423834,427920,433294,437798,443678,449475,458367,467842,478257,487304,496089,503777,512799,520770,526868,532094,535743,539962,540725,541038,540437,540874,541369,543039,542890,543510,544240,547280,549998,553568,557765,562183,564765,567483,570257,573096,576355,579721,583789,586522,591287,593942,597451,599389,603640,607370,610659,613497,617210,621235,625145,628048,629839,633551,636260,640048,642413,646318,650272,653813,656818,659810,662977,668126,673292,677532,681610,685481,689668,692719,695874,698417,699538,699534,700271,700928,700375,698898,695552,692327,690793,693464,696907,700386,702520,705972,708697,710535,713159,716361,721125,725613,728709,728618,727713
single-family,Chicago,274152,271322,270491,267319,266475,262928,261447,258031,256139,252836,250152,246248,242143,239081,235685,233543,230465,228298,226388,224875,222806,221226,219785,219642,219012,218822,217139,216964,215441,215472,212773,211434,209218,208103,205715,203755,201750,200227,198866,196615,195233,193041,192719,191453,190903,188696,187731,185947,185081,183133,182823,182311,182364,181803,180953,180230,179614,180109,180840,181617,182588,183834,184664,185921,186851,188635,190290,192565,194500,196697,197817,199254,200029,201309,201852,202055,202519,203441,204422,204887,205534,205844,206516,206945,207371,207473,208116,209197,210182,210369,210569,210825,211204,211492,211875,212494,213240,214464,215439,216229,216820,217666,218775,219799,220636,221441,222466,223600,224900,225972,227290,228442,229496,230199,230718,231446,232333,233539,234652,235886,237036,237863,238288,238767,239451,240402,241105,241767,242516,243134,243721,243998,244094,244353,244612,245082,245483,245716,245984,246085,246189,246205,246213,246338,246574,246841,247228,247432,247577,247747
single-family,Washington,443334,437808,431523,424558,416719,409987,403537,397935,392116,386860,381904,377286,372015,367211,362815,359173,356904,355484,354789,353942,352956,352486,352780,353903,355390,355833,356661,357559,359002,359002,358419,357446,357228,356731,355296,353743,352641,352858,352521,352148,350939,350615,350059,349999,349398,348845,348842,348868,348833,348940,349985,351250,352558,353974,355743,357348,358630,360431,362685,365390,368238,370463,372383,374239,376868,379343,381876,384552,387946,390849,393299,394772,396335,397842,399107,400143,400279,400385,400559,400744,400859,400818,400899,401079,400830,401400,402216,402666,402877,403113,403574,403853,403941,404451,404890,405664,406250,405932,405893,406770,408817,410342,411515,412409,413799,414863,416008,417474,419517,422068,423507,424413,424380,425191,426234,428000,429420,431008,432646,433552,434352,434867,436403,438012,440138,441843,443459,444188,444751,445112,445464,446699,448295,450215,451438,452078,452815,453448,454198,455184,456607,458191,459800,461076,462081,462978,464225,466064,467831,469815
single-family,Miami,329442,322623,315061,308337,301363,294940,287944,280616,273067,265287,258089,251466,245418,239822,234162,228985,224099,220382,217366,215036,212910,211610,210559,209419,208864,208478,208628,208131,207536,206135,204876,203338,201953,199913,198117,196564,194895,193436,191950,191021,189972,189060,188096,187365,186819,186730,186802,186879,187060,186931,187209,187507,188417,189684,190995,192678,194427,196242,197633,199153,201194,203976,206986,210454,213652,216517,219482,222559,225873,229022,232943,236657,240087,242392,244658,246048,247917,249657,251884,253562,255041,256746,257723,259060,260152,262175,263774,265667,267185,268909,270207,271815,273779,275576,277732,279598,281786,283584,285342,287203,289096,291440,293779,295803,297361,298890,300737,302664,304437,306033,307357,309014,310609,312136,313562,315638,317704,319931,320961,322331,323253,325110,327233,329020,331007,332435,334248,335604,336787,337442,339091,340676,342251,341843,341845,342042,342421,343092,343749,344653,345322,346312,347011,347527,348243,350031,351396,352685,353734,354828
single-family,Atlanta,198691,197533,195972,194730,193468,192124,190516,188776,187128,185299,182989,179965,177121,174443,172125,169450,166966,164835,163459,162387,161370,160172,159314,158958,158544,157995,157309,157122,157054,156677,155233,153220,150807,148832,146900,145406,143792,142463,140613,138624,136189,134026,132472,131832,131949,132060,131894,131014,130489,129975,130501,131116,132092,133071,134119,134648,134658,134818,135705,137046,138616,140351,142100,143753,145558,147465,149374,151560,153961,156322,158229,160172,161748,163182,164160,165181,166018,166777,167746,168587,169478,170229,171066,171852,172661,173431,174096,174867,175872,177071,178017,178998,179950,180861,181710,182449,183498,184540,185934,187290,188478,189307,190032,190865,191595,192637,193770,195225,196290,197471,198559,199768,201031,202528,204123,205469,207048,208521,210228,211903,213840,215674,217141,218526,220002,221668,223317,224916,226472,228090,229558,230738,231652,232480,233683,234924,236196,236950,237691,238524,239395,240196,240975,241936,243053,244269,245396,246517,247571,248908
single-family,Boston,404047,401377,398910,396473,394126,391647,389365,387187,384920,382358,379847,376960,374462,372054,369507,367432,366125,365726,365614,365402,365697,366250,367182,368359,369618,371133,372476,373376,373628,373231,372678,372121,371018,370061,368999,368486,367805,366200,364080,362190,360623,359949,358747,357770,356542,355207,353766,352304,351464,351118,351389,351567,352246,352784,353990,354958,356019,357646,359903,362382,363789,366329,369325,373208,376049,378173,380167,382689,386285,389688,392359,394053,395719,396475,397449,398779,400449,402291,403599,404837,405272,405309,405840,407795,410658,413589,415440,415693,416238,417209,419643,421968,423794,425968,427417,428571,429913,431659,433741,436160,438813,441126,442060,443275,445495,447700,450279,452383,454132,455399,456895,459393,461748,464420,467619,469727,471945,473706,476864,479218,481441,483803,486991,489771,492320,494359,496145,497728,498267,499441,499832,500864,501271,501886,501089,500566,500285,501552,502719,504137,505877,507331,508580,509792,511577,513219,515484,517529,519547,520591
single-family,San Francisco,750521,743122,735798,727956,718670,709142,698821,688501,679330,669096,656723,646239,632834,624143,616327,610192,604033,601294,599785,596077,591316,591490,596753,603929,610337,613186,613806,614035,615755,615211,611818,610813,608608,606222,600410,594024,589428,584520,581573,577627,571893,565278,562818,559527,559529,556293,554693,552700,549575,549460,549844,553012,558406,567444,575323,584845,592416,602441,612222,622252,636610,649040,664445,677834,693966,706876,719042,727867,737153,746263,756623,768143,776198,784035,786905,791083,791334,792554,794965,799975,805891,811788,819312,826011,830876,837610,848787,859828,870152,879994,891903,904806,917667,927373,932884,938364,948785,958191,961327,963864,966877,971749,970226,969068,967292,972463,977458,984591,988095,993200,999132,1004392,1010408,1017281,1028157,1037176,1049780,1061162,1077696,1093661,1108284,1117553,1128141,1141699,1157498,1169577,1177896,1185733,1189056,1190085,1184896,1174033,1162305,1155475,1149405,1148197,1151101,1154535,1155964,1151876,1153412,1155156,1158126,1164263,1171701,1177280,1181355,1179989,1173864,1168538
single-family,Seattle,415943,413452,410037,405748,401255,396508,392103,386818,381649,376904,372686,367972,363840,359225,354790,348519,343493,339490,337523,336073,334786,334256,334001,333813,331886,330113,328353,328674,329194,328056,325199,321343,318275,314516,310834,307545,305457,304158,301813,298927,293955,290365,286810,284832,282472,280414,278495,276831,275879,273946,273427,273073,275240,277804,280996,283568,286215,289411,293057,296169,298235,301699,305980,311190,315573,318641,322161,325694,329648,332510,334768,337231,340188,342868,344013,344799,345039,347435,348909,350255,350875,352867,355179,358083,361437,363919,366729,368819,372383,374808,377727,381650,386069,390115,393633,396782,399535,403140,407344,411972,415909,419800,424034,427701,431472,434773,439452,444282,449051,453389,457295,462286,467418,473399,479544,484949,489411,494545,498823,503961,509038,515801,522062,527267,531248,533639,534114,534141,535908,537451,537885,536041,534353,531949,529890,527988,529209,531119,534123,536262,538368,540419,543388,547597,551817,555957,560342,565060,568116,571433
condo,New York,431311,430484,428571,427034,424457,422657,420165,418384,416364,414129,411499,407857,403765,399573,396791,392652,389792,386019,383267,379904,377204,375446,374589,373968,374146,374519,373694,373710,373639,375291,376675,377251,377300,376578,375222,373818,372704,372266,373289,373258,372721,371021,369914,369726,369603,369367,369134,369216,368646,367711,365914,365311,364988,365325,365348,365661,366221,367399,368923,370632,372686,374432,376240,377803,379799,382014,384460,386979,389422,391755,394100,396252,398568,401249,404737,408036,410747,412497,414070,415792,417622,419363,420585,422154,424193,426504,428149,429765,431560,433842,435675,437289,438944,440706,443017,444833,445587,445973,446385,447744,448917,450424,451754,453102,453968,454918,455778,457340,459407,461036,462694,463708,465628,467498,470418,473023,475901,478665,481073,482991,484798,487583,490195,492605,494184,495576,496432,497741,499785,501859,503777,504614,504957,504716,505302,505598,506388,506364,506623,506151,505268,504294,503516,503570,503870,504113,503676,503523,503105,503298
condo,Los Angeles,464144,455615,446589,436081,425789,417393,410589,404430,399932,394955,388775,379745,373084,369692,367232,364204,361220,358421,356690,356418,356723,357210,358217,360942,361375,359595,358618,359563,362198,360834,358257,354291,351021,347692,343556,340718,338930,338130,335847,332931,327950,326177,324603,323208,320410,317654,316864,315322,313790,311852,310752,310103,310814,311551,313172,315006,317702,321503,324591,328984,333224,339987,347383,355978,363668,371376,378322,386365,393530,399160,404069,407538,411506,412630,413367,413091,413593,413908,414792,414003,413903,414221,416436,418484,421199,424397,427729,429507,431391,433216,435359,437908,440597,443556,445494,448974,450568,452910,453987,457040,459587,461896,464047,466900,469918,472684,474710,475993,479144,481522,484689,486585,489701,492995,495900,498355,500873,503667,508136,512392,515719,518766,521920,525455,528298,531118,533501,534794,535028,535717,536130,535689,534604,532161,529614,528182,529670,531725,533735,534699,536739,538230,539075,540508,542310,545263,547982,549703,549110,547896
condo,Chicago,231200,228749,228434,225754,225730,222854,222360,219776,218910,216538,214906,211846,208686,206378,203759,202523,200274,199139,198106,197473,195920,194613,193094,193011,192497,192653,191047,190603,188611,188046,184814,182991,180449,179034,176540,174301,172058,170167,168612,166414,164956,162660,161792,160156,159104,156715,155388,153464,152169,149893,149014,148068,147646,146776,145864,144982,144267,144433,144914,145366,146181,147293,148084,149043,149853,151405,152907,154875,156579,158567,159635,161035,161850,163042,163649,163904,164518,165487,166515,167158,168010,168616,169450,170044,170606,170903,171637,172993,174051,174403,174542,174819,175207,175534,175955,176605,177324,178577,179501,180147,180613,181328,182441,183395,184107,184792,185666,186631,187744,188650,189952,191034,191976,192599,193153,193928,194809,195730,196614,197621,198784,199471,199673,199842,200376,201144,201670,202143,202702,203228,203715,203965,203811,203822,203878,204360,204842,205170,205465,205534,205625,205687,205712,205782,206002,206300,206677,206751,206629,206514
condo,Washington,304909,301956,298714,294721,290498,286195,282494,279273,276408,273516,270772,267995,264268,260851,257640,255437,253910,253116,252161,251126,249989,249477,249201,249126,249616,249598,250050,250352,250941,250779,250259,249629,248914,247885,246562,245894,245490,245833,245095,244143,242508,241450,240414,239611,238985,238513,238434,237824,237218,236595,237104,237869,238910,240000,241466,242714,243668,244905,246169,247864,249520,251031,252360,253682,255581,257371,258911,260667,262673,264425,265957,267044,268301,269387,270262,270901,270782,270531,270551,270554,270623,270429,270414,270349,269909,270108,270436,270757,270819,271088,271449,271718,271822,272248,272491,272989,273517,273195,272941,272883,273881,274426,274674,274796,275283,275729,276390,277096,278071,279378,280103,280772,280632,281109,281738,282666,283422,284164,284968,285403,285723,286171,287130,287942,289145,290170,291423,292060,292519,292895,293155,294003,295092,296301,297472,298424,299599,300349,301014,301918,303246,304686,306204,307492,308658,309696,310708,312057,313261,314851
condo,Miami,202037,197879,193016,188441,184026,179967,175825,171246,166361,161356,156713,152481,148664,145004,141557,138334,135084,132290,129571,127302,125271,123765,122392,120817,119609,118685,118078,117273,116440,115265,114283,113179,112214,110910,109748,108844,107868,106928,105967,105296,104691,104174,103719,103445,103248,103303,103540,103749,104037,104199,104525,104930,105633,106685,107661,108796,110024,111383,112486,113710,115193,117096,119065,121282,123358,125246,127196,129175,131177,132921,135117,137180,139193,140520,141919,142723,143764,144546,145737,146702,147620,148681,149144,149836,150248,151259,151974,152913,153606,154469,155001,155666,156514,157317,158456,159327,160414,161251,162166,163069,164005,165146,166259,167173,167814,168429,169221,170092,170969,171654,172138,172746,173349,173937,174451,175319,176165,177096,177364,177835,178029,178770,179640,180355,181094,181543,182272,182823,183351,183580,184398,185104,185814,185475,185418,185410,185547,185898,186279,186730,186966,187388,187609,187774,188027,188835,189373,189904,190289,190632
condo,Atlanta,174446,173177,171694,170476,169751,168831,167676,166449,165370,164246,162570,160237,157854,155987,154269,152335,150371,148808,147924,146968,146357,145457,145003,144483,143979,143174,142384,142107,141794,140945,139099,137100,134589,132591,130461,129248,127840,126809,125154,123387,121133,119238,117835,117115,116906,116620,116189,115191,114391,113622,113541,113448,113695,114162,114677,114832,114535,114424,114934,115690,116883,117969,119354,120848,122562,124394,126237,128342,130648,132750,134510,136291,137822,139507,140762,141839,142701,143287,144374,145327,146469,147487,148517,149639,150591,151357,152059,153137,154669,156363,157477,158519,159603,160638,161774,162462,163770,165043,166874,168456,169626,170362,170895,171641,172039,173278,174630,176607,177937,179506,180806,181978,183113,184675,186602,188362,190533,192250,193850,195400,197321,199301,200810,202238,203879,205751,207490,208961,210321,211878,213331,214257,214942,215099,215626,216338,217755,218259,218558,218698,219122,219396,219747,220374,221094,222100,223081,223973,224219,224961
condo,Boston,319239,316796,314948,313004,311470,309402,307391,305313,303314,301338,299546,297477,295742,293977,292131,290565,289386,288577,288099,287955,288281,288545,288750,289131,289643,290533,291235,291787,291856,291925,291555,290823,289441,288503,287557,287139,286596,285404,283811,282299,281197,280618,279684,278945,278130,277209,276494,275735,275327,275288,275853,276336,276818,276925,277774,278620,279723,281211,283205,285462,286980,289148,291263,293864,296112,298132,300346,302780,306014,308877,311063,312228,313484,314664,316306,318483,320343,322643,324016,325484,326128,326822,327816,330069,332799,335380,336978,337766,339063,340491,343079,345452,347578,349740,351449,353216,355524,357524,359698,361188,363425,365487,366773,368303,370519,372866,375578,377575,378935,380300,382217,385522,388144,390547,393293,395585,397969,399748,402254,404235,406350,408840,411798,414032,415862,417694,419721,421527,422535,424064,425143,426555,427284,427267,426204,425594,426008,427578,428541,429414,430391,431153,431692,432233,433194,434403,435920,437032,437564,437140
condo,San Francisco,594120,587663,582878,578569,573670,567759,560325,553688,547963,541861,533515,525430,516517,510200,504083,497006,490732,487041,485003,480116,474126,471680,473550,478729,481822,482712,480688,479791,479405,478128,474959,474306,473034,471405,467159,461374,457344,453187,451181,448237,443860,438367,435582,432458,431801,429337,427792,426274,423877,424203,424946,427549,431251,437369,443035,450095,456349,464138,471710,479432,491201,500093,511360,521240,535200,547856,559738,568588,576327,583457,591996,602163,609298,617602,621979,627461,628672,629922,632060,635398,639455,644341,651172,656781,660016,665506,674734,684952,693203,701859,712618,725346,738398,747865,752560,757641,767658,775589,777721,776958,778215,779627,776625,773184,770701,773851,778025,782346,783323,784263,786407,789253,793396,798407,805125,810634,817726,823580,832738,841432,849555,855257,863180,872640,881608,888926,894370,900115,902230,902685,899002,891078,884375,880381,876642,874494,876813,879190,881281,878689,879717,880868,882516,886619,889916,891814,891844,889270,882669,876068
condo,Seattle,304198,303291,301518,297422,292504,288340,286325,283334,279549,275934,273227,269265,267785,265753,264462,260344,257162,253942,251618,249546,248033,247234,246690,246802,243318,239828,235571,235172,235010,234041,231469,228214,225422,221895,218289,214678,212398,210720,208471,205421,200967,197424,193937,191478,188778,186518,184438,182593,181490,179607,178963,178433,179528,180719,182201,183506,185127,186977,189243,191363,192759,195349,198050,201390,204139,206338,209274,212225,215418,217971,219911,221856,224323,226377,227768,228477,229234,231133,232260,233284,233906,235672,237684,240109,242636,244493,246586,248421,251199,253247,255712,258944,262353,265380,268205,270776,273161,276438,280013,283996,287126,290468,293886,296877,299892,302632,306480,310762,315091,318769,321848,325802,330517,336290,342342,347602,352005,356946,360805,364973,368950,374744,380819,385912,389746,391537,391572,391107,392165,392803,392422,390183,387745,384785,382133,380010,379897,380059,381132,381936,382646,383405,385094,387834,390847,393578,396196,398839,400562,402988
1-bedroom,New York,377452,376795,375421,373860,371679,369697,367250,365485,363389,360721,357521,353791,347960,342344,337582,333438,330371,326670,324346,321247,319356,318639,318739,318394,319618,320804,321261,321487,321531,322957,323201,323120,322442,321293,319416,317692,315925,314854,314783,313981,312729,310673,309382,308855,308265,307212,306438,306038,305379,304148,301873,300700,299799,299730,299611,299723,300053,300892,301822,302805,304027,305195,307162,308654,310430,311917,313739,315316,316493,317729,319363,320954,322587,324660,327158,329594,331394,332488,333086,334208,335846,337412,338334,339631,342050,344421,346058,346924,348136,349771,351514,353090,354591,356216,358265,359898,359176,358089,356949,357887,358735,360036,361272,362349,362958,363636,364133,365037,366738,368677,370759,372165,374196,376297,378848,381117,383715,385939,388260,390244,392662,395131,397553,399380,400668,401272,401328,401480,402135,403180,404243,404616,404640,404253,404354,404491,405002,405423,406072,406499,406565,406400,406091,406294,406353,406555,406267,406197,405854,405759
1-bedroom,Los Angeles,384730,378270,370702,362106,353192,346754,341136,335789,330697,324748,318125,309298,303868,300295,297695,293534,289815,285202,281426,279235,278822,279010,279212,280831,279459,276871,274791,274973,276119,274568,272437,269483,266463,263461,259573,256805,254885,253885,251961,249512,245791,244421,243251,241986,239928,237627,237126,235962,235065,233816,233100,232882,233686,234746,236431,238046,240233,243579,246693,250793,254686,260356,266597,273649,279952,286218,291902,298873,305160,310088,313985,316806,319894,321000,321931,322091,322863,323367,324651,324317,324443,324686,326796,328837,331550,334357,337352,339199,341334,343366,345121,347170,349294,352008,353887,357029,358857,361412,362844,365819,368127,370457,372741,375727,379058,382063,384284,385599,388172,390209,392767,394274,397029,399908,402865,405454,408016,410684,414678,418693,421948,424990,428359,432029,435033,437745,440040,441361,441832,442409,442678,442056,441028,438853,436882,435773,437145,438967,440714,441569,443219,444657,445642,447170,448914,451554,453645,454925,454203,453075
1-bedroom,Chicago,183890,182031,182287,180144,180620,178403,178442,176664,176501,174871,173974,171572,169196,167359,165256,164523,162841,162193,161569,161212,159899,158816,157412,157486,156838,157092,155565,155272,153407,152879,149749,147943,145522,144201,141912,139764,137768,136011,134610,132480,131024,128832,127969,126467,125463,123272,122067,120387,119223,117138,116308,115474,115131,114372,113648,112998,112602,112835,113357,113852,114740,115890,116734,117752,118700,120301,121868,123774,125310,127288,128346,129669,130315,131376,131988,132288,132849,133648,134385,134730,135298,135621,136276,136845,137393,137626,138108,139116,139798,140002,140108,140440,140805,141121,141438,141967,142598,143774,144702,145405,146010,146738,147821,148681,149411,150096,151041,151830,152704,153289,154419,155356,156162,156757,157279,158119,158993,159747,160300,161115,162371,163345,163553,163555,163930,164519,164942,165155,165519,165950,166490,166851,166578,166271,166239,166690,167134,167374,167632,167790,167879,167953,167955,167949,168148,168504,168872,168977,168890,168851
1-bedroom,Washington,291345,289612,287947,284815,281658,278173,275413,273447,272238,271361,270361,268591,265132,261834,259096,258009,257256,257032,256577,255822,254960,254351,254136,254406,255362,256379,257061,257708,258493,259017,259008,258983,258476,257520,256234,255911,256145,256584,255985,254913,253678,252826,251980,251028,250542,250435,250713,250222,249687,249203,250066,250885,251673,252452,253977,255511,256822,258319,259862,261623,263025,264371,265631,267272,269554,271725,273186,274813,276400,278021,279240,280369,281764,282968,283851,284235,283912,283432,283467,283488,283562,283081,282907,282641,282070,281991,282071,282419,282597,282922,283195,283306,283409,283827,283932,284041,284288,283855,283634,283477,284152,284509,284563,284688,284877,285213,286089,287262,288565,289862,290320,290582,290099,290207,290682,291316,292092,292650,293157,293243,293119,293617,294522,295375,296552,297572,298834,299299,299586,299888,300247,300962,301792,302475,303786,305043,306499,307046,307484,308286,309604,311026,312397,313720,315115,316432,317320,318421,319441,321243
1-bedroom,Miami,162959,159614,155678,151924,148143,144601,141210,137647,133840,129712,125769,121878,118428,115048,111908,108876,105969,103397,100652,98158,95956,94232,92787,91355,90210,89197,88401,87580,86729,85610,84697,83759,82960,81947,81001,80232,79451,78782,78127,77650,77190,76893,76685,76638,76587,76842,77231,77576,77894,78116,78496,78952,79693,80670,81585,82598,83700,84791,85668,86662,87955,89606,91238,93023,94659,96171,97777,99364,100941,102274,104001,105675,107333,108418,109592,110285,111150,111738,112573,113251,113961,114847,115270,115807,116013,116673,117111,117816,118392,119127,119637,120219,120875,121482,122334,122979,123846,124569,125340,126014,126675,127583,128496,129270,129860,130418,131114,131863,132579,133090,133451,133973,134463,134846,135135,135733,136303,136995,137202,137664,137940,138587,139311,139843,140419,140748,141330,141801,142262,142456,143070,143568,144090,143843,143760,143727,143822,144160,144475,144821,144999,145323,145510,145632,145801,146404,146853,147310,147640,147904
1-bedroom,Atlanta,151243,149831,148508,147529,147317,146688,145755,144833,144042,143256,141614,139592,137349,135704,133925,132029,130314,128553,127443,126146,125412,124543,124075,123392,122720,122159,121753,121571,120611,119532,117864,116324,114095,111778,109669,108615,107867,106862,105254,103596,101958,100659,99583,98728,98454,98570,98272,97163,95732,94865,94554,94538,94761,95288,95718,96312,96410,96567,97265,98305,100030,101477,103240,104862,106465,108216,110045,111925,113829,115511,117176,118949,120598,122249,123539,124513,125662,126318,127885,128968,130512,131551,132724,133966,135080,136041,136942,138427,139989,141896,142778,144143,145295,146769,148066,148740,150073,151210,153117,154640,156146,157194,157933,158549,158854,160433,162172,164721,166038,168011,169622,171180,172487,173963,176226,178390,181356,183472,185128,186703,188988,191374,193111,194514,196348,198447,200178,201548,202796,204478,205952,206901,207441,207454,207438,208122,209514,209832,209656,209186,209144,208835,208850,209114,209563,210170,211164,211788,211698,212258
1-bedroom,Boston,252809,251001,249750,248540,247764,246498,244901,243229,241776,240471,239152,237459,236063,234628,233100,231798,230894,230287,230151,230403,231083,231622,231961,232300,232689,233290,233819,234242,234225,234336,234015,233079,231336,229903,228864,228392,227867,227018,225641,224379,223323,222653,221805,221179,220795,220312,219897,219423,219262,219298,219974,220541,221161,221275,221854,222575,223511,224939,226662,228652,229937,231747,233390,235457,237371,239393,241703,244152,247015,249391,251346,252447,253627,254848,256591,258784,260464,262475,263677,264930,265498,266255,267091,269025,271428,273762,275140,275813,277074,278360,280490,282331,284145,285917,287502,289095,291104,292554,294266,295529,297562,299312,300605,302376,304790,307241,309837,311644,313022,314517,316538,319437,321607,323791,326382,328528,330602,332206,334479,336502,338403,340724,343297,345496,347366,349315,351242,352781,353638,354941,355921,356985,357381,357049,356069,355658,356021,356980,357407,357926,358662,359207,359517,359926,360857,362010,363302,364066,364455,364274
1-bedroom,San Francisco,478831,473853,470919,468394,465272,460287,453715,448166,444014,439425,432459,425544,418219,412922,407332,400455,394871,391935,391289,387981,383366,380831,381790,385266,386371,385554,382424,381124,380158,378166,374315,372328,370142,367997,363977,358840,355135,351709,350138,347105,342522,337233,334352,331578,330700,328622,327346,326324,324763,324787,324862,326611,329710,334821,339167,344415,348895,354653,360392,366183,375349,382783,392203,400670,411567,421172,430510,437620,444351,450481,457410,465176,470298,476469,479546,483613,484730,486169,488387,491562,495249,499290,504784,509606,512735,517345,524815,532947,540295,548142,557082,567016,576780,584637,589372,594381,602863,609709,612643,613807,615722,617215,615079,613099,612168,615139,618645,622404,623593,624802,626691,628988,632180,635755,641860,647388,654027,659043,665900,672430,678504,683083,689069,695963,702986,709609,714348,718993,720752,721560,719114,712939,708225,705285,702482,700432,702332,704341,706171,703890,704470,705337,707049,710951,713853,715711,716357,715514,710996,706137
1-bedroom,Seattle,279152,278886,277552,274229,270416,267113,265340,262759,259962,257395,255540,252088,249356,246036,243744,240132,237191,234254,232222,230650,229554,229107,228786,228985,227352,225942,223769,223595,223614,222872,220755,217663,214897,211292,207704,204279,202108,200719,198943,196451,192294,188703,185170,182843,180354,178311,176369,174557,173047,170290,168501,167641,168823,170556,172397,173980,175671,177674,180073,182474,184109,187197,190213,193391,195842,197501,199878,202090,204726,206767,208331,210078,212474,214316,215638,216269,216683,218279,219349,220663,221513,223292,225334,227443,229882,231780,234278,236499,239997,242630,245621,249073,252609,255778,258805,261621,264044,267398,270825,274699,277601,280920,284216,286944,289861,292643,296537,300867,305068,308418,311094,315056,319859,325651,331772,337536,342596,348351,352568,357241,361379,367635,374025,379284,383123,384895,384846,384313,384873,385032,384177,382122,379756,376747,373553,371006,370525,370334,371080,371400,371769,372056,373472,375355,377794,379922,382384,384730,386159,388252
2-bedroom,New York,359383,358250,356432,354068,350990,348308,345867,343564,341148,338542,335909,333142,330211,327194,324507,321589,319187,316572,314426,312436,311009,309982,309422,309078,308838,308527,307907,307815,307783,308035,307853,307221,306174,304675,302847,300998,299327,298030,296825,295323,293455,291436,289483,288004,286582,285345,284002,282749,281523,280092,278847,277716,277078,276510,276053,275585,275429,275466,275792,276191,276742,277558,278337,279121,279847,280984,282528,284100,285517,286969,288630,290089,291424,292298,293632,294931,296229,296963,297275,297703,298110,298523,298452,298809,299364,300389,300844,301361,301837,302530,303154,303600,304173,304677,305590,306082,306208,306234,306387,306807,307046,307655,308484,309462,310227,311134,311884,312885,314040,315103,316386,317425,319114,320497,322201,323812,325600,327060,328534,329953,331586,333330,334923,336574,337746,338925,339590,340258,341050,342238,343474,344338,344761,344844,345064,345338,346097,346678,347418,347792,348211,348425,348571,348945,349485,350211,350806,351323,351521,351861
2-bedroom,Los Angeles,465549,457129,447180,435168,422837,412653,403239,394628,387481,380413,372493,362032,354446,349948,346819,343008,339407,335437,332932,332033,332519,333271,334439,337012,337027,335121,334240,335477,338461,337865,336249,333318,330611,327776,324143,321936,320731,320348,318488,316103,311826,310726,309667,308712,306404,304080,303669,302499,301420,299975,299250,298993,299995,301121,303102,304983,307754,311697,315291,320107,324633,331560,338853,347034,354203,361391,367937,375892,382863,388269,392555,395466,398759,399441,400125,400124,400996,401622,403108,402666,402814,403005,405334,407584,410708,414198,417705,419580,421738,423843,425938,428601,431451,434996,437459,441329,443547,446474,448241,451910,454837,457657,459992,463148,466693,470220,472746,474519,477663,480164,483387,485616,489153,492643,496012,499034,501980,504899,509443,513807,517616,521263,525041,528845,531967,535106,538036,539629,540253,541011,541559,541171,540022,537298,534515,533335,535372,537966,540170,541332,543603,545658,547095,549167,551617,555313,558746,560923,560537,559580
2-bedroom,Chicago,191573,189937,189349,187439,186963,184989,184155,182101,181015,179099,177577,175279,172738,170766,168662,167331,165391,163962,162775,161840,160521,159364,158302,157945,157435,157094,156007,155594,154439,153992,151965,150655,148882,147756,145792,144064,142232,140901,139533,137843,136451,134712,133850,132554,131657,129858,128753,127292,126364,124724,123988,123066,122538,121623,120670,119844,119110,119063,119290,119549,120037,120649,121073,121762,122395,123605,124825,126355,127674,129184,129977,130940,131414,132280,132821,133147,133700,134538,135413,135977,136723,137229,138004,138600,139213,139558,140185,141183,142029,142372,142662,143010,143373,143664,143986,144526,145186,146215,147037,147697,148256,148975,149908,150777,151506,152246,153128,154042,155015,155872,157027,158074,158980,159633,160185,160931,161790,162790,163748,164812,165927,166742,167160,167581,168230,169095,169760,170337,170992,171599,172174,172567,172719,173058,173371,173873,174265,174532,174832,175003,175170,175267,175350,175478,175719,175943,176292,176488,176649,176811
2-bedroom,Washington,319375,316013,312164,307542,302570,298303,294304,290701,287142,284036,281028,277956,273802,269916,266505,264120,262657,261567,260692,259913,259145,258807,258885,259319,260305,260888,261707,262397,263040,262968,262564,261964,261535,260633,259234,258322,257766,257777,256887,255959,254853,254339,253683,253234,252750,252449,252570,252381,252242,252362,253407,254490,255500,256549,257939,259175,260157,261697,263287,265208,266964,268403,269796,271273,273347,275323,277135,279191,281460,283251,284820,285877,287206,288269,289185,289720,289653,289405,289539,289503,289632,289547,289675,289787,289344,289689,290006,290414,290538,290934,291328,291733,291964,292450,292569,292746,293219,292875,293003,293295,294627,295338,295748,295906,296320,296854,297880,299386,300720,302333,302754,303452,303179,303748,304477,305705,306813,307751,308644,308885,309463,309895,311299,312184,313899,315309,316868,317675,318385,319013,319504,320565,321844,323482,325091,326409,327716,328471,329325,330400,331849,333447,335128,336642,337893,338965,339876,341289,342538,344279
2-bedroom,Miami,210526,206143,201141,196499,191868,187658,183080,178142,172898,167531,162374,157824,153703,149902,146092,142554,139005,135934,133231,130924,128902,127449,126349,125039,124000,123112,122626,121884,121133,120022,119041,117927,116889,115530,114263,113135,111960,110835,109751,108951,108177,107522,106866,106439,106074,105905,105901,105943,106064,106074,106236,106537,107175,108099,108996,110029,111192,112497,113525,114726,116214,118138,120099,122315,124409,126365,128386,130489,132661,134612,136992,139167,141257,142685,144236,145156,146319,147201,148493,149504,150428,151471,152032,152862,153530,154757,155643,156721,157521,158566,159293,160202,161310,162372,163699,164755,166027,167075,168241,169421,170711,172163,173599,174826,175786,176785,178001,179325,180559,181643,182513,183621,184628,185654,186601,187945,189296,190699,191409,192260,192737,193793,195000,196093,197282,198174,199343,200260,201091,201603,202689,203719,204749,204657,204863,205064,205420,205928,206498,207128,207558,208180,208606,208938,209415,210461,211195,211900,212417,212924
2-bedroom,Atlanta,143458,142577,141512,140521,139696,138719,137498,136262,135107,133923,132294,130201,128014,126122,124418,122647,120898,119517,118567,117528,116666,115697,115118,114661,113957,113105,112117,111764,111388,110656,109126,107431,105305,103542,101720,100409,99028,97902,96456,94728,92642,90802,89457,88773,88582,88316,87928,87088,86645,86062,86100,86071,86425,86817,87271,87361,87177,87157,87593,88352,89150,90061,91064,92265,93626,95066,96535,98170,99985,101689,103077,104424,105693,107065,108047,108887,109465,110037,110845,111646,112516,113311,114168,114987,115721,116295,116982,117814,119019,120195,121085,121867,122685,123462,124259,124894,125898,126949,128228,129438,130331,131018,131572,132326,132826,133775,134824,136294,137441,138676,139782,140866,141980,143413,145042,146469,148130,149573,151159,152707,154181,155648,156860,158320,159918,161679,163411,165072,166691,168321,169766,170823,171835,172526,173528,174492,175866,176659,177349,177929,178610,179276,179960,180854,181861,183072,184173,185154,185725,186588
2-bedroom,Boston,304945,302681,300761,298710,296714,294354,292127,289915,287740,285450,283335,280980,278853,276612,274478,272729,271710,271092,270741,270502,270807,271187,271626,272192,272884,274040,274807,275407,275284,275114,274591,274005,272832,271910,270923,270449,269813,268440,266738,265093,263806,263007,261905,260960,259867,258763,257732,256671,255971,255607,255764,255788,256054,256124,256861,257465,258375,259615,261349,263198,264331,266168,268249,271103,273493,275433,277285,279424,282183,284699,286637,287836,289199,290205,291439,292813,294119,295747,296911,298130,298683,299093,299807,301614,303952,306168,307531,308006,308896,310017,311995,313775,315267,317005,318330,319565,320936,322464,324306,326097,328178,329988,331153,332576,334713,336836,339206,341089,342591,343973,345520,347990,350059,352339,354940,356910,358967,360484,362890,364708,366620,368599,371168,373395,375426,377184,378783,380302,381063,382389,383125,384223,384737,385176,384626,384182,384215,385462,386605,387757,388970,389971,390857,391774,393081,394363,396008,397487,398725,399078
2-bedroom,San Francisco,574018,568408,562689,556790,549556,542320,533579,525129,517964,510159,500183,491175,480127,473553,467636,462284,457059,454444,453407,450603,446740,446369,450147,455670,460072,461087,460319,459996,460821,459916,456810,455518,453328,451318,446796,441790,437887,433803,431317,427884,423121,417578,415171,412020,411343,408280,406439,404541,401934,401729,401790,403888,407569,414141,419831,426837,432610,440270,448193,456200,468155,478519,491256,502329,515812,526905,537443,545552,554084,562438,571262,580926,587526,594317,597219,601495,602313,604087,606616,611027,615706,620547,626841,632830,636956,642757,652035,661652,671077,679938,690356,701917,713771,723079,728642,733334,742245,749814,753106,755337,758012,762085,761606,761010,759962,764094,768410,775127,778556,782999,787074,791146,795995,801340,809772,816628,825916,833951,846021,857471,867828,874393,882500,892196,902948,911113,916252,921933,924382,925787,921920,913197,904855,900099,896207,895539,898197,901386,903221,900532,901813,902893,905176,910162,915423,919204,921465,920067,915064,910372
2-bedroom,Seattle,319457,318348,316467,313183,309339,305620,302854,299299,295344,291683,288585,284755,282187,279097,276448,271649,267883,264552,262682,261030,259727,259060,258711,258612,256017,253559,250728,250544,250597,249589,247029,243559,240655,237125,233679,230293,228118,226525,224188,221228,216584,213007,209450,207264,204831,202746,200710,198988,197960,196080,195420,194845,196039,197296,198993,200494,202113,204045,206305,208344,209472,211843,214505,218073,221125,223526,226433,229185,232372,234782,236650,238557,241070,243321,244717,245520,246234,248318,249735,251015,251831,253802,256149,258855,261864,264013,266462,268470,271533,273774,276332,279743,283338,286636,289656,292420,294767,298017,301688,305825,309128,312599,316287,319475,322701,325531,329443,333747,337996,341749,344951,349162,353973,359624,365582,370871,375367,380524,384547,389108,393364,399299,405099,409990,413786,415956,416271,416114,417330,418295,418301,416566,414963,412768,410752,409017,409559,410521,412377,413798,415235,416598,418932,422171,425541,428714,432078,435590,437925,440715
3-bedroom,New York,428084,426436,424217,421594,418174,414983,411926,409199,406371,403140,399940,396817,393455,390037,386817,383764,381258,378794,376548,374449,372968,371987,371429,371111,370839,370662,370171,369975,369674,369682,369497,369039,368128,366669,364842,362827,361188,359749,358429,356680,354791,352560,350428,348480,346647,345075,343452,341958,340488,338900,337649,336577,335993,335584,335213,334897,334806,334746,334986,335395,335869,336691,337333,338305,339188,340426,341992,343531,345004,346660,348466,350036,351465,352394,353669,354661,355769,356473,356855,357312,357737,358212,358279,358728,359331,360399,361056,361733,362213,362919,363615,364220,364911,365474,366500,367172,367642,368051,368602,369500,370186,371071,372147,373431,374668,376021,377217,378587,380056,381397,382931,384209,386333,388371,390724,392898,394976,396721,398401,400143,402234,404421,406463,408535,410120,411606,412494,413433,414637,416314,418076,419311,420003,420286,420737,421309,422139,422713,423381,423790,424322,424616,424883,425492,426323,427446,428460,429404,430218,431301
3-bedroom,Los Angeles,542968,532547,521099,507080,493034,480564,469615,459862,452360,444813,435977,424787,416403,411912,408645,405527,402822,400456,399522,399758,400742,402049,404617,408551,409874,408672,408663,410781,414486,414055,412139,408893,406451,403748,399914,397275,395956,395617,393606,390744,385790,384426,383399,382502,379827,377262,376908,376033,374886,373342,372606,372584,374076,375594,378093,380789,384524,389412,393338,398539,403564,411461,419990,429561,437919,446063,453161,461360,468560,474128,479063,482525,486656,487560,488055,487542,488008,488429,489871,489776,490378,491157,493851,496299,499498,503296,507301,509523,511920,514377,517103,520140,523304,526984,529616,534068,536559,539803,541648,545728,549259,552439,555143,558692,562527,566269,569001,570783,574310,577001,580577,582893,586650,590467,593916,596808,599677,602635,607440,612195,616152,619942,623603,627488,630350,633278,635793,636911,637000,637617,638204,637688,636284,633123,630052,628624,631054,634233,637315,639287,642443,645090,646897,649443,652536,657098,661429,664449,664548,663901
3-bedroom,Chicago,228254,226462,225726,223722,222984,220795,219614,217307,215912,213695,211756,209105,206137,203874,201493,199898,197676,195908,194397,193141,191629,190408,189465,189203,188823,188514,187518,187258,186391,186257,184575,183575,182029,181032,179112,177511,175814,174654,173349,171656,170289,168686,168180,167174,166673,165158,164445,163294,162678,161264,161021,160601,160639,160043,159195,158561,157981,158293,158798,159296,160118,161063,161741,162686,163463,165006,166575,168531,170112,171886,172856,174109,174746,175830,176346,176610,177110,177994,178826,179217,179882,180259,180902,181279,181651,181771,182340,183404,184347,184615,184874,185208,185610,185876,186250,186865,187623,188791,189731,190473,191072,191913,193071,194130,194982,195844,196892,197944,199085,200049,201349,202468,203480,204132,204629,205321,206206,207338,208380,209606,210844,211795,212257,212782,213496,214502,215200,215885,216646,217353,218069,218534,218800,219154,219532,220048,220517,220822,221242,221483,221703,221806,221879,222018,222251,222549,222971,223264,223484,223711
3-bedroom,Washington,368166,363318,357838,351670,344726,339039,333520,328731,323645,319093,314738,310668,306126,302065,298468,295519,293690,292385,291932,291382,290769,290466,290894,292113,293593,294278,295296,296429,297893,298038,297575,296825,296794,296582,295460,294233,293355,293519,292965,292501,291531,291480,291178,291191,290766,290141,290046,290026,290288,290752,292097,293395,294653,295973,297579,299097,300368,302439,304889,307534,309918,311628,313243,315007,317484,319747,322099,324620,327621,329995,331937,333152,334605,335972,337188,338042,338163,338204,338436,338562,338635,338593,338637,338889,338671,339344,340011,340417,340588,340901,341380,341761,342084,342775,343383,343970,344475,344128,344177,345006,346844,348289,349280,350044,351124,351959,352994,354590,356506,358874,359995,360939,360906,361591,362557,364117,365353,366712,368100,368818,369873,370376,372015,373176,375291,377012,378669,379526,380310,380902,381238,382246,383485,385457,387039,388183,389107,389766,390628,391758,393246,394885,396715,398292,399508,400429,401412,403076,404692,406647
3-bedroom,Miami,310775,304450,297406,291021,284540,278442,271907,264847,257573,250081,243238,236986,231108,225603,220055,215046,210293,206701,203680,201373,199223,197859,196622,195280,194605,194153,194221,193686,193057,191683,190428,188901,187551,185561,183861,182431,180873,179506,178092,177222,176213,175296,174375,173720,173231,173195,173287,173393,173596,173481,173718,173933,174758,175980,177224,178796,180426,182130,183443,184826,186678,189286,192172,195505,198521,201207,203996,206879,209968,212869,216558,220085,223416,225596,227697,228976,230770,232450,234586,236219,237685,239437,240441,241773,242770,244674,246231,248059,249580,251215,252463,253982,255890,257610,259703,261524,263678,265485,267194,269020,270785,273063,275337,277349,278869,280330,282038,283840,285538,287095,288394,289992,291582,293083,294475,296463,298437,300564,301563,302901,303787,305558,307624,309407,311364,312776,314549,315923,317147,317891,319559,321139,322691,322321,322307,322459,322804,323461,324116,324977,325585,326484,327121,327585,328246,329939,331227,332433,333386,334357
3-bedroom,Atlanta,161950,160913,159501,158303,157069,155782,154277,152699,151227,149628,147569,144928,142334,139915,137800,135455,133288,131293,129896,128747,127742,126655,125822,125361,124826,124197,123476,123178,123015,122697,121502,119726,117466,115515,113678,112227,110725,109479,107812,105916,103540,101358,99745,99022,99033,98987,98683,97765,97235,96671,96972,97466,98335,99230,100149,100648,100721,100994,101868,103161,104541,106104,107667,109115,110690,112362,114066,116005,118101,120195,121916,123676,125139,126469,127395,128387,129243,130047,130972,131735,132563,133236,134000,134681,135432,136137,136786,137476,138366,139398,140260,141148,141974,142746,143450,144106,145008,145905,147076,148247,149283,150043,150675,151395,152044,152985,154014,155271,156199,157259,158279,159387,160503,161775,163195,164430,165858,167205,168765,170353,172061,173658,174915,176205,177624,179303,180994,182639,184193,185761,187180,188395,189442,190398,191669,192919,194221,195031,195792,196635,197546,198427,199304,200290,201427,202672,203862,205042,206131,207469
3-bedroom,Boston,367790,365310,363010,360679,358361,355905,353602,351402,349110,346591,344150,341440,339023,336680,334263,332351,331243,330845,330744,330553,330913,331513,332416,333535,334715,336206,337467,338326,338495,338140,337600,337082,336012,335037,333944,333328,332652,331075,329086,327248,325772,325093,323933,322987,321778,320524,319209,317888,317083,316699,316863,316925,317423,317847,318945,319830,320855,322364,324451,326729,328032,330386,333155,336793,339505,341516,343405,345731,349044,352139,354566,356101,357653,358434,359400,360647,362169,363885,365116,366323,366758,366870,367420,369274,371983,374713,376493,376845,377505,378527,380796,382962,384704,386754,388158,389309,390583,392184,394111,396360,398870,401035,402041,403261,405451,407660,410210,412291,413978,415295,416778,419185,421367,423904,426939,429065,431215,432875,435752,437928,440057,442259,445227,447813,450225,452171,453833,455292,455771,456829,457243,458275,458725,459355,458651,458179,457956,459184,460377,461768,463455,464910,466149,467316,468988,470545,472703,474672,476589,477567
3-bedroom,San Francisco,690298,683830,676480,668906,658781,649346,638846,628446,619186,608893,596637,586194,573416,565576,558903,553092,547595,544604,543089,539956,536338,537352,543112,550255,556340,558377,558686,558989,560831,560581,557894,557326,554997,552336,546468,540740,536576,532183,529369,525970,520936,515137,512465,508858,508375,505345,503735,501799,498709,498208,498015,500274,504883,513076,519942,528514,535381,544669,553933,562644,575873,588158,603625,616722,631775,643291,655129,663403,672700,681638,691798,703207,710969,717719,719517,722975,723100,724940,727341,732759,738388,743840,750124,756280,760464,766670,777097,787461,797779,806700,817999,829786,841604,850197,855596,860084,869676,878352,881763,884758,887201,892180,890932,890394,888916,893752,897826,905044,908902,914666,919977,924280,929207,935027,944319,951709,962774,973778,990271,1005780,1019633,1027624,1037205,1049822,1065335,1076925,1085574,1093688,1097380,1098146,1092750,1082222,1070360,1063438,1056753,1055361,1057750,1060835,1061202,1056204,1057080,1058272,1060688,1066030,1073254,1078924,1083755,1083012,1077665,1073215
3-bedroom,Seattle,371324,368839,365754,361983,358071,353779,349810,345121,340516,336268,332424,328499,324941,320880,316651,311010,306449,302892,301093,299748,298530,297949,297609,297119,295250,293514,292031,292210,292600,291395,288621,284932,281926,278380,274934,271799,269648,268144,265739,262834,258096,254566,251062,248972,246583,244494,242486,240882,240027,238421,237825,237240,238794,240840,243585,245805,248143,250920,254156,256785,258448,261230,264988,269738,273937,276954,280198,283496,287067,289716,291845,294166,296876,299392,300480,301255,301385,303341,304673,305894,306483,308262,310263,312858,315728,317944,320414,322297,325483,327742,330318,333686,337608,341197,344293,347073,349705,352885,356524,360483,364093,367562,371351,374675,378050,380974,385049,389164,393206,397133,400841,405333,409511,414516,419710,424387,428151,432431,436190,440686,445133,450795,455993,460556,464376,466874,467661,467805,469460,471024,471751,470580,469511,467799,466299,464776,466009,467883,470791,472963,475153,477262,479978,483736,487515,491299,495342,499693,502482,505408
4-bedroom,New York,550710,548459,545277,541734,537283,533215,529382,526265,523075,519435,515461,511438,507499,503649,500082,496378,493509,490563,487828,485096,483144,481856,481166,480698,480142,479846,479410,479423,478945,478818,478537,478058,476878,474959,472824,470741,469010,467295,465528,463449,461386,458906,456513,454254,452316,450692,448849,446943,445161,443280,441826,440397,439574,439064,438673,438408,438230,438086,438293,438770,439342,440453,441478,442964,444375,446060,448123,450176,452244,454466,456774,458862,460688,461824,463222,464412,465799,466877,467476,467988,468467,469052,469293,469901,470830,472325,473311,474023,474324,474848,475458,476027,476619,477074,478121,478755,479125,479432,479952,480996,481814,482722,483797,485101,486496,488070,489408,490948,492595,493988,495652,496901,499295,501591,504280,506768,509113,510972,512691,514485,516630,519021,521130,523495,525165,526954,527954,529033,530225,531991,533831,535070,535673,535736,535871,536197,536705,536929,537160,537168,537407,537393,537406,537801,538488,539518,540563,541415,542247,543291
4-bedroom,Los Angeles,663304,650524,638360,623529,609368,596664,586716,578356,572582,565442,555937,543923,535175,531392,528040,525022,522518,520845,520707,521140,522448,524362,528292,533408,535251,534009,533961,536882,541197,540706,537616,533462,530229,526931,522228,518975,517530,517142,515055,511560,505553,503671,502577,501689,498661,495869,495451,494677,493085,491094,490281,490498,492811,494906,498479,502151,506900,512847,517725,523995,530772,540970,551984,563714,574060,583959,592354,601846,610356,616874,622880,627359,632163,632989,632704,631631,631484,631714,632914,632563,633230,634189,637348,639818,643228,647534,652232,655204,657823,660581,663607,667109,670696,674739,677138,681949,684195,687452,688881,692624,696332,699271,702267,705908,709459,712725,715451,717058,721172,723887,728087,730369,734156,738133,741416,744114,747066,750367,755798,761259,765486,769439,772883,777094,780158,783498,785503,786130,785306,786041,786578,785908,784154,780667,777320,775556,778218,781545,785497,787848,791835,794435,796063,798437,801537,806214,810667,813684,813321,812087
4-bedroom,Chicago,348018,345673,344301,341452,339903,336836,334736,331459,329371,326345,323557,319813,315432,311931,308338,305919,302976,300410,298529,296755,294859,293091,291851,291390,290969,290423,289162,288825,287593,287386,284904,283549,281267,280054,277301,275258,272878,271568,269871,267684,265965,264000,263647,262493,261909,259753,258850,257232,256540,254617,254481,254042,254438,253999,253229,252610,252198,252995,254131,255114,256490,258093,259365,261220,262642,264950,267064,269933,272379,275156,276631,278520,279564,281237,281830,281889,282213,283359,284567,285007,285567,285662,286261,286583,286858,286701,287355,288584,289752,289728,289772,289925,290320,290591,290876,291443,292222,293638,294721,295561,296137,297023,298188,299211,299947,300705,301841,303093,304486,305520,306961,308187,309293,309917,310301,310926,311796,313060,314223,315547,316823,317713,317982,318317,318857,319813,320449,321145,321887,322482,322977,323217,323269,323529,323696,324092,324411,324562,324759,324736,324737,324619,324529,324503,324585,324718,325120,325338,325514,325669
4-bedroom,Washington,510491,503406,495444,486743,477386,470490,464068,458786,452598,447248,441880,437153,431569,426895,423115,420179,418944,417999,418396,418274,418149,418375,419526,421759,424594,426127,428003,429750,431836,431978,431083,430070,430392,430469,429147,427420,426205,426564,426023,425825,424862,425379,425512,426105,425630,424607,424572,424835,425270,425849,427489,429197,430715,432092,433766,435081,436142,438623,441629,444926,448065,450277,452284,454132,457060,459816,462680,465832,469793,472860,475369,476737,478324,479712,481029,481931,481839,481660,481827,481807,481696,481412,481179,481253,480784,481747,482607,483037,483022,483088,483341,483563,483754,484438,484988,485556,485991,485051,484796,485710,488195,490042,491372,492290,493660,494617,495923,498052,500421,503638,504940,506199,505932,506878,508037,510061,511466,513151,514812,515423,516939,517341,519525,520517,522950,524740,526444,527151,527819,528218,528215,529180,530409,532818,534634,535938,536896,537485,538450,539783,541614,543636,545994,548049,549506,550582,551749,554020,556265,559015
4-bedroom,Miami,425719,416937,407178,398264,389113,380929,372500,363801,354528,345042,336232,327935,320384,313753,307104,301162,295508,291401,288212,285910,284004,282955,282249,281405,281418,281404,282135,281991,281754,280242,278832,277180,275835,273651,271760,270253,268493,266904,265207,264291,263280,262476,261484,260590,259917,259912,260032,260006,260227,260277,260859,261368,262539,264221,266003,268277,270562,272855,274678,276650,279226,282645,286365,290673,294657,298208,301962,305872,309919,313767,318465,323077,327248,329967,332628,334121,336237,338093,340409,341989,343416,345085,345828,346909,347776,349877,351362,353289,354624,356300,357381,358942,360893,362701,365029,367026,369339,371037,372715,374465,376372,378717,381127,383040,384511,385901,387764,389629,391299,392718,393787,395347,396796,398275,399657,401815,403860,406127,406926,408217,409059,411037,413333,415024,417005,418290,420044,421306,422348,422806,424384,425883,427312,426365,425971,426012,426201,426775,427225,428086,428699,429680,430392,430904,431689,433794,435391,436867,438134,439461
4-bedroom,Atlanta,241730,240440,238590,237196,235697,234189,232338,230327,228405,226350,223833,220377,217171,214141,211703,208737,206019,203725,202434,201537,200655,199365,198463,198172,197948,197522,196878,196827,196874,196489,194730,192339,189589,187472,185393,183952,182255,180952,178787,176650,174013,171794,170303,169928,170394,170783,170760,169726,169189,168599,169557,170394,171712,173000,174356,174920,174742,174894,176040,177790,179742,181852,184005,186139,188447,190750,193024,195727,198838,201696,203857,206040,207842,209640,210722,211770,212448,213077,214082,214943,215789,216582,217584,218533,219436,220168,220746,221538,222725,224280,225410,226532,227643,228708,229748,230620,231873,233084,234831,236460,237856,238627,239350,240298,241170,242399,243617,245271,246457,247813,248965,250269,251644,253410,255236,256629,258241,259640,261357,263027,265152,267192,268740,270127,271573,273194,274710,276173,277632,279319,280840,282005,282779,283423,284576,285718,286947,287497,288148,288930,289766,290445,291095,291966,293011,294170,295227,296357,297400,298840
4-bedroom,Boston,510006,506901,504091,501447,499136,496756,494616,492537,490241,487449,484525,481117,478360,475846,473075,470684,468938,468377,468120,467762,467804,468140,469054,470328,471765,473518,475238,476325,476738,476170,475503,474880,473961,473423,472757,472581,472068,470445,468154,466258,464636,464247,463234,462411,461003,459228,457317,455604,454724,454370,454646,454742,455526,456113,457502,458694,459881,461888,464673,467705,469272,472192,475678,480243,483527,485964,488187,490931,495268,499453,502730,504603,506454,507247,508367,510029,512106,514258,515742,517191,517662,517400,517722,519930,523289,526745,528868,529049,529520,530593,533468,536229,538226,540891,542580,543792,545247,547262,549631,552200,555004,557405,557978,558861,560934,562871,565431,567596,569384,570433,571702,574420,577112,580142,583707,585823,588151,590067,593756,596413,598900,601524,605214,608193,610869,612784,614660,616362,616928,618158,618333,619280,619684,620410,619464,618727,618220,619677,620882,622427,624265,625777,627058,628291,630046,631616,633887,636041,638177,639134
4-bedroom,San Francisco,883326,877896,872120,864827,854689,844995,834921,824256,813502,801019,785959,774268,756437,745979,736077,731700,725407,723503,720915,716019,710001,710394,717002,724919,733522,736738,738405,737589,740244,739139,736032,734658,732673,730585,724672,717698,712979,708299,705679,700550,692990,685124,683807,681739,683725,680214,678173,675136,670992,670236,670184,675004,682526,694062,702019,712027,718916,730034,740994,753434,769821,783897,801224,816243,834225,848064,861118,869686,879180,888606,900601,913396,922286,930305,932406,935143,933553,933530,936161,942877,950089,956917,964173,970707,975807,982718,995141,1007439,1018859,1029460,1040916,1053780,1067696,1078503,1084820,1090956,1102323,1113414,1116326,1119497,1123319,1129643,1128976,1127988,1124788,1129718,1134160,1141177,1144626,1150543,1158832,1164589,1170136,1176534,1186954,1195662,1209381,1222110,1240427,1258499,1275278,1285531,1295266,1309132,1326364,1338673,1346983,1354088,1357386,1357759,1352379,1339921,1325751,1317671,1311767,1311625,1315248,1319149,1320985,1316874,1318430,1320148,1322476,1328669,1336646,1342096,1345526,1342552,1334649,1328110
4-bedroom,Seattle,488600,485579,481170,475660,470156,464536,459367,453066,446973,441217,436127,429960,424922,419538,414844,407700,401932,397094,394723,392832,391133,390387,390077,390242,388081,386085,383751,384135,384702,383667,380656,376683,373648,369781,365918,362477,360462,359417,357188,354349,349132,345524,342074,340420,338277,336449,334773,333244,332363,330279,330105,330299,333541,337063,341021,344125,347217,351009,355339,359168,361953,366430,371584,377554,382298,385577,389546,393624,398250,401551,404071,406785,410166,413178,414434,415152,415380,418180,419856,421291,421883,424053,426633,429855,433549,436182,439171,441389,445317,447854,451067,455547,460550,465093,469040,472633,475669,479793,484739,490270,494835,499301,504054,508194,512488,516382,521946,527666,533368,538381,542774,548422,554526,561727,569017,575152,580225,586073,590911,596627,602471,610502,617999,623913,628152,630382,630513,630351,632405,634048,634176,631483,628912,625531,622647,620185,621340,623356,626596,628818,630838,632873,636130,641019,645868,650552,655451,660738,664185,667959
5+-bedroom,New York,787057,783920,779564,774700,768548,763271,758398,754593,750581,746271,741341,736163,731597,726988,722692,717484,713233,708467,703908,699453,696309,693750,691988,690812,689630,688950,687883,687645,687194,687513,687765,687112,685459,683038,680702,678260,676192,674238,672683,670681,668334,665410,662760,660931,659352,657950,655861,653798,651648,649512,647706,646545,646014,645922,645733,645695,645871,646262,647298,648678,650307,652272,653979,655734,657893,660687,664074,667206,670456,673963,677588,680817,683755,685935,688780,691407,694059,695942,697357,698915,700232,701500,702159,703464,705497,708355,710383,712063,713198,714731,716103,717219,718324,719351,721405,722726,723332,723890,724751,726405,727498,728681,730063,731697,733505,735574,737219,739287,741314,742747,744619,745998,749112,751859,755123,758170,761199,763468,765505,767475,770016,772847,775217,777880,779672,781571,782331,783244,784221,786166,788182,789338,789608,789273,789113,788751,788584,788321,788561,788350,788265,787747,787335,787537,788165,789239,790313,791493,792640,793945
5+-bedroom,Los Angeles,991572,974889,958974,939329,920657,904577,892886,883622,877952,868772,855495,837677,825533,819759,814851,810038,806161,801974,799903,798503,799692,802025,807119,814148,815851,813835,813141,817072,822675,822136,817870,812384,807069,802236,795173,790727,788659,788190,785815,781371,773215,770980,769882,769126,765235,761452,761273,760463,758700,756218,755208,755859,759626,763315,769003,774370,781368,789898,797233,806317,815896,830491,846209,863123,877847,891612,902940,917162,930254,940774,949213,955499,962447,963516,962970,960995,960841,961218,964250,962196,961602,960490,965287,969412,975325,982449,990054,994614,998508,1002467,1005994,1011412,1016915,1023858,1027223,1033555,1035578,1039255,1040616,1045648,1050330,1053996,1058040,1062894,1067260,1070847,1073970,1076008,1081699,1084785,1089745,1092192,1097288,1102694,1106412,1109694,1113607,1118694,1126482,1134111,1140312,1146279,1151470,1157534,1161737,1166141,1167575,1167513,1165676,1167001,1167936,1167060,1164925,1159901,1155209,1152295,1155850,1160030,1166154,1169232,1174533,1176801,1177852,1179970,1182685,1187907,1192661,1195661,1193622,1190514
5+-bedroom,Chicago,507037,503533,501758,497031,494596,489852,486952,482004,478909,474214,470014,464355,457544,452157,446502,443130,438675,434757,431807,429345,426626,423932,421790,421136,420465,419732,417661,417236,415175,414713,410612,408411,404961,403548,399790,396917,393379,391499,389239,386060,383824,381185,381232,379938,379503,376261,375158,372782,372193,369429,369746,369492,370581,370220,369289,368427,367762,369055,370878,372593,374760,377307,379004,381536,383352,386681,389684,393805,397188,401040,402796,405362,406680,409099,409840,409766,410045,411507,413117,413625,414464,414726,415651,416066,416371,416166,417175,418965,420667,420556,420529,420612,421026,421160,421438,421956,422660,424074,425087,425920,426333,427202,428277,429171,429552,430101,431086,432486,434076,435180,436596,437682,438481,438705,438716,439298,440295,441639,442808,444102,445638,446630,446818,446909,447432,448440,449097,449630,450357,450805,451222,451184,450675,450401,450137,450476,450794,450930,451012,450819,450555,450275,449993,449878,449935,450112,450580,450679,450618,450528
5+-bedroom,Washington,669623,661200,651320,640443,628819,620110,612233,606202,599364,593545,587360,581888,574959,569325,564691,561038,559775,558835,559494,558943,558506,558652,560332,563128,567175,569264,572107,574207,576750,577025,576061,575083,575241,575406,573655,571746,570081,570738,570176,570301,569524,570563,570995,572013,571816,570615,570427,570404,570383,570986,572884,575556,577321,578878,580752,582229,583390,586171,589801,594112,598827,601860,604393,605811,609137,612376,615763,619327,623922,627837,631238,632926,634712,636297,637906,639281,639182,638853,639053,639116,639345,639009,638818,638869,637952,638900,639665,640280,640178,640444,640549,640629,640364,640781,640787,641035,641579,640180,639883,640458,643483,645204,646769,647742,649396,650753,652492,655249,657893,661602,662884,664455,663984,665203,666441,668863,670463,672267,674088,674472,676003,676459,679122,680329,683094,685028,686826,687335,687637,687693,687476,688739,690358,693157,695043,696236,697300,697911,699004,700323,702606,705086,707817,710034,711572,712734,714169,716965,719641,722944
5+-bedroom,Miami,691764,678490,663307,649234,636134,625069,613311,600917,587545,573401,560088,548198,537696,528281,518825,511061,503231,497645,493295,490252,487581,486804,486229,485235,484781,485103,487029,487505,487548,485676,484193,482420,480708,477367,474706,472974,471200,469216,466581,464750,463029,461999,460875,460046,459788,460368,461220,461602,462320,462728,464281,466129,468709,471214,473778,477005,480685,484563,487637,491018,495150,500449,505722,511639,517235,522563,527747,533061,538269,542941,548758,554132,559295,562693,566659,568597,571262,573065,576001,577963,579574,581500,582522,584607,586248,588873,590061,592144,593640,596108,597614,599741,602467,605150,608129,610085,612537,614481,616546,618355,620444,623269,626224,628224,629280,630267,631868,633771,634758,635782,636210,637896,638908,639792,640278,642116,644546,647216,648041,648890,649399,651494,654307,656370,658950,660256,662396,663535,664287,664257,665736,667360,668633,666544,665297,664567,664416,664924,665283,666195,666576,667440,667857,668044,668749,671197,672736,673992,674683,675492
5+-bedroom,Atlanta,367179,364847,361811,359724,357649,355726,353431,350728,348082,344937,341385,336721,333211,329741,326815,322242,317903,314074,311773,310277,308641,306789,305346,304986,304384,303710,302957,303413,304040,303858,301735,298643,295345,292836,290456,288861,286842,285310,282734,280412,277538,275516,274392,274741,276021,277206,277756,276783,276394,276072,277956,279580,281719,283538,285583,286527,286449,286638,288112,290409,293338,296418,299353,302119,305056,308054,310770,314115,318167,321883,324740,327675,329779,331753,332642,333631,334284,334942,336319,337444,338485,339470,340754,342072,343429,344592,345628,346817,348475,350575,351984,353366,354735,356214,357576,358396,359822,361189,363380,365323,366864,367612,368308,369309,369972,371096,372344,374465,375880,377442,378532,379798,381221,383185,385295,386781,388670,390117,391959,393776,396141,398410,400160,401714,403306,404759,406087,407288,408712,410470,412044,412960,413317,413750,414829,415862,416845,417182,417738,418505,419205,419767,420272,421166,422389,423613,424719,425973,427279,429124
5+-bedroom,Boston,718592,714114,710192,706435,702811,699372,696777,694649,692111,688637,684147,678817,674595,671516,668230,665364,663358,662734,661658,660481,660114,660606,661868,663635,666041,668494,670994,672661,673704,673246,672725,671752,670301,669430,668950,669256,668780,666913,663832,661511,659347,659095,658164,657817,656591,654608,652235,650101,649138,648822,649565,649740,651192,652421,655109,656850,658309,660877,665032,669768,672489,676839,681812,688398,692696,696016,698616,702975,709800,716552,721356,723887,726393,727755,729867,732943,736993,740713,743767,746219,747377,747117,747924,751493,756355,761250,764153,764302,764588,765991,770035,774072,776619,780398,782721,784739,787804,791622,795272,798495,802004,805133,805373,806083,808877,811464,815035,817538,819116,819478,820783,824796,829058,833371,838555,841691,845183,848074,853250,856971,860342,864255,869555,873571,876732,879057,881553,883761,884236,885623,885788,886922,887297,887738,886060,884873,884417,886458,887777,889477,891741,893542,894876,896293,898520,900613,903417,905883,908121,908841
5+-bedroom,San Francisco,1159907,1153664,1147272,1138568,1127291,1115772,1104793,1091958,1078785,1061567,1040607,1024171,999039,985003,972066,968071,960528,958553,955099,947725,939553,940520,950866,962269,975323,980392,982583,980558,983287,982031,977446,977128,975072,973016,964522,955638,949846,943700,940627,934497,925261,915135,914293,910990,913811,909878,909351,907263,902450,902499,903511,911181,922520,939265,951278,966084,975821,990207,1003775,1019160,1040524,1058952,1081659,1101090,1125036,1143862,1163114,1176232,1190797,1204520,1222383,1241525,1255825,1267974,1272539,1278140,1277851,1279057,1282618,1292054,1302059,1311723,1320833,1328869,1335085,1345125,1362522,1379185,1393429,1406352,1420181,1436268,1454476,1468950,1477564,1485575,1500298,1513752,1515945,1518226,1521514,1528068,1524466,1520809,1514202,1520450,1526167,1535273,1539135,1546063,1555915,1562473,1569526,1577940,1590800,1600599,1616532,1631427,1653457,1675608,1696375,1708523,1719320,1734590,1753579,1766566,1771896,1777006,1778962,1778512,1770536,1751672,1733317,1723015,1716870,1718407,1725929,1733418,1740796,1739466,1744444,1748027,1752480,1762971,1773693,1780982,1784846,1780373,1768485,1758073
5+-bedroom,Seattle,588877,585628,579995,572414,565134,558040,552099,544952,538133,531467,525259,517021,511929,506777,503287,495325,488572,482750,479654,476975,474558,473694,473667,474521,470610,467042,462580,463348,464307,463457,460242,455924,452723,448158,443644,439641,437681,436802,434517,431337,425286,421312,417628,416052,413619,411559,409753,408180,407370,404867,405051,405545,410039,414412,419125,422920,426839,431647,436699,441143,444670,450588,456904,463939,469077,472646,477108,481654,487030,490939,493990,497302,501482,504962,506469,507136,507706,511544,513909,515825,516716,519478,523058,527186,531980,535182,538819,541680,546517,549550,553692,559669,566027,571638,576407,580922,584275,589547,595885,603310,609112,614855,620615,625306,630317,634993,642037,649474,657035,663182,668380,675052,682927,692088,701484,709321,715805,723539,729626,736270,743317,753529,763356,770303,774764,776727,776195,775744,778362,780308,779952,775274,771107,765897,762078,758897,760130,762432,766087,768482,770300,772067,775771,782314,788404,794218,799606,805830,809914,814432
